vera_code,speaker,gender,t0,t1,t2,t3,t4,t5,year,corpus,age,comment,f30 (макс лрнг / нач падения),f01 (начало падения),f02конец падения ,конец падения
a1,AAX1908,f,208.1,205.5,388.5,380.5,365,,1908,церковное,80,,,,,
a2,AAX1908,f,199.7,203.9,371.9,364.3,349.7,,1908,церковное,80,,,,,
a3,AAX1908,f,,,348.6,,,,1908,церковное,80,,,,,
a4,AAX1908,f,,,352.6,,,,1908,церковное,80,,,,,
a5,AAX1908,f,,,343.6,,,,1908,церковное,80,,,,,
a7,AAN1909,f,,,223.3,,,,1909,церковное,79,,,,,
a8,AAN1909,f,,,268.2,,,,1909,церковное,79,,,,,
,vm1,f,200,206,365,364,353,352,1980,vera monina,,,,,,
,vm1,f,192,195,404,403,403,386,1980,vera monina,,,,,,
,vm1,f,173,177,356,355,355,345,1980,vera monina,,,,,,
,vm1,f,179,183,363,354,354,345,1980,vera monina,,,,,,
,vm2,f,197,203,341,333,333,331,1973,vera monina,,,,,,
,vm2,f,158,160,254,294,294,244,1973,vera monina,,,,,,
,vm2,f,191,193,305,270,270,269,1973,vera monina,,,,,,
,vm2,f,212,214,408,401,401,376,1973,vera monina,,,,,,
,vm3,f,193,196,423,420,420,401,1982,vera monina,,,,,,
,vm4,f,200,201,442,442,442,443,2005,vera monina,,,,,,
,vm4,f,206,210,416,416,416,421,2005,vera monina,,,,,,
,vm5,f,189,193,392,392,392,387,2004,vera monina,,,,,,
,vm5,f,203,202,411,411,411,381,2004,vera monina,,,,,,
,vm6,f,188,191,475,475,475,475,2003,vera monina,,,,,,
,vm6,f,221,221,448,457,457,461,2003,vera monina,,,,,,
,vm6,f,170,171,493,493,493,473,2003,vera monina,,,,,,
,vm6,f,200,201,505,503,484,467,2003,vera monina,,,,,,
,vm7,f,198,203,390,387,383,381,2005,vera monina,,,,,,
,vm7,f,197,194,446,448,448,448,2005,vera monina,,,,,,
,vm8,f,193,196,278,275,269,259,1988,vera monina,,,,,,
,vm8,f,175,175,276,271,263,242,1988,vera monina,,,,,,
,vm8,f,206,206,298,298,298,280,1988,vera monina,,,,,,
,vm8,f,194,190,338,338,338,303,1988,vera monina,,,,,,
,vm9,f,187,190,393,395,395,387,2005,vera monina,,,,,,
,vm9,f,224,224,387,387,387,391,2005,vera monina,,,,,,
,vm9,f,175,175,372,369,349,358,2005,vera monina,,,,,,
,vm9,f,223,225,328,328,275,229,2005,vera monina,,,,,,
,vm10,f,209,211,304,303,303,288,1980,vera monina,,,,,,
,vm10,f,212,214,380,377,377,353,1980,vera monina,,,,,,
,vm11,f,234,229,315,315,309,292,1980,vera monina,,,,,,
,vm11,f,214,214,415,412,412,412,1992,vera monina,,,,,,
,vm11,f,294,294,487,486,486,486,1992,vera monina,,,,,,
,vm11,f,224,227,418,420,420,420,1992,vera monina,,,,,,
,vm12,f,185,188,390,390,268,264,1982,vera monina,,,,,,
,vm12,f,179,180,365,365,365,365,1982,vera monina,,,,,,
,vm12,f,226,216,438,447,447,434,1982,vera monina,,,,,,
,vm12,f,194,194,370,370,370,370,1982,vera monina,,,,,,
,vm12,f,165,165,334,330,330,323,1982,vera monina,,,,,,
,vm13,f,218,213,287,287,287,265,1978,vera monina,,,,,,
,vm13,f,204,205,297,296,296,260,1978,vera monina,,,,,,
,vm13,f,208,208,286,285,275,280,1978,vera monina,,,,,,
,vm13,f,209,209,307,307,307,298,1978,vera monina,,,,,,
,vm13,f,208,206,341,338,333,322,1978,vera monina,,,,,,
,vm14,f,195,194,288,288,288,283,2006,vera monina,,,,,,
,vm14,f,243,230,303,302,302,295,2006,vera monina,,,,,,
,vm14,f,237,237,288,288,269,271,2006,vera monina,,,,,,
,vm15,f,187,187,389,389,389,389,1998,vera monina,,,,,,
,vm15,f,187,173,364,364,364,359,1998,vera monina,,,,,,
,vm15,f,214,210,360,360,360,342,1998,vera monina,,,,,,
,vm16,f,179,179,220,219,201,201,1986,vera monina,,,,,,
,vm16,f,261,241,299,299,288,276,1986,vera monina,,,,,,
,vm17,f,196,196,388,384,384,388,1990,vera monina,,,,,,
,vm17,f,195,195,461,461,448,431,1990,vera monina,,,,,,
,vm17,f,219,206,381,379,366,366,1990,vera monina,,,,,,
,vm17,f,182,182,318,317,317,303,1990,vera monina,,,,,,
,vm18,m,75,74,150,150,150,128,1975,vera monina,,,,,,
,vm18,m,75,75,140,140,138,124,1975,vera monina,,,,,,
,vm18,m,84,84,137,137,137,121,1975,vera monina,,,,,,
,vm19,m,165,165,339,338,338,338,2005,vera monina,,,,,,
,vm20,f,205,203,370,370,316,330,1989,vera monina,,,,,,
,vm20,f,219,213,294,292,281,279,1989,vera monina,,,,,,
,vm21,f,208,206,340,341,341,250,1984,vera monina,,,,,,
,vm21,f,218,217,341,341,302,252,1984,vera monina,,,,,,
,vm21,f,237,237,398,398,398,398,1984,vera monina,,,,,,
,vm22,m,119,119,207,206,194,189,1977,vera monina,,,,,,
,vm22,m,110,108,228,228,228,220,1977,vera monina,,,,,,
,vm23,f,187,185,419,414,414,379,1982,vera monina,,,,,,
,vm23,f,219,210,404,404,404,396,1982,vera monina,,,,,,
,vm23,f,211,192,507,508,508,498,1982,vera monina,,,,,,
,vm23,f,214,198,404,406,406,389,1982,vera monina,,,,,,
,vm24,f,222,218,404,399,399,370,1980,vera monina,,,,,,
,vm24,f,254,254,497,497,485,443,1980,vera monina,,,,,,
,vm24,f,287,287,555,552,552,535,1980,vera monina,,,,,,
,vm24,f,240,228,503,495,473,449,1980,vera monina,,,,,,
,vm24,f,174,174,387,387,387,387,1980,vera monina,,,,,,
,vm24,f,202,202,447,450,405,404,1980,vera monina,,,,,,
,vm24,f,183,188,452,453,453,410,1980,vera monina,,,,,,
,vm25,m,110,111,214,213,202,204,1974,vera monina,,,,,,
,vm26,m,181,181,400,404,383,395,1990,vera monina,,,,,,
,vm26,m,133,133,238,240,228,228,1990,vera monina,,,,,,
,vm26,m,152,152,275,276,276,276,1990,vera monina,,,,,,
,vm26,m,120,120,360,354,354,354,1990,vera monina,,,,,,
,vm27,f,175,175,373,372,346,342,1975,vera monina,,,,,,
,vm27,f,309,309,517,515,415,437,1975,vera monina,,,,,,
,vm27,f,300,307,515,504,504,504,1975,vera monina,,,,,,
,vm28,m,119,119,260,260,200,200,1972,vera monina,,,,,,
,vm28,m,125,121,291,289,289,289,1972,vera monina,,,,,,
,vm28,m,115,118,261,259,247,247,1972,vera monina,,,,,,
,vm29,f,181,181,364,365,365,365,1970,vera monina,,,,,,
,vm29,f,236,238,400,400,396,396,1970,vera monina,,,,,,
,vm30,m,147,147,273,273,242,242,1984,vera monina,,,,,,
борис юрченко,nkrya1,m,125,124,176,176,176,174,1936,нкря,,Ленинград,,,,
ирина полянская,nkrya2,f,119,119,136,136,136,136,1967,нкря,,Житом область,,,,
леонид ярмольник,nkrya3,m,162,162,192,192,189,174,1954,нкря,,Приморский край,,,,
леонид ярмольник,nkrya3,m,99,99,119,119,119,113,1954,нкря,,Приморский край,,,,
леонид ярмольник,nkrya3,m,172,172,348,348,348,348,1954,нкря,,Приморский край,,,,
юрий никулин,nkrya4,m,148,148,208,207,207,200,1921,нкря,,Смоленская область,,,,
юрий никулин,nkrya4,m,146,146,248,248,226,226,1921,нкря,,Смоленская область,,,,
леонид куравлев,nkrya5,m,153,153,207,207,195,196,1936,нкря,,Москва,,,,
юрий никулин,nkrya4,m,152,150,175,175,175,173,1921,нкря,,Смоленская область,,,,
A-0151,МДТ1880,,213,216,221,388,377,374,1880,Заонежье,,,,,,
A-0151,МДТ1880,,258,211,211,350,343,320,1880,Заонежье,,,,,,
A-0151,МДТ1880,,275,199,197,394,394,382,1880,Заонежье,,,,,,
A-0151,МДТ1880,,215,200,216,261,237,226,1880,Заонежье,,,,,,
A-0151,МДТ1880,,260,224,228,393,382,363,1880,Заонежье,,,,,,
A-0151,МДТ1880,,215,216,217,436,435,434,1880,Заонежье,,,,,,
МД-52,Ж1924,,220,202,210,258,259,249,1924,Заонежье,,,,,,
МД-52,Ж1924,,233,201,192,250,240,237,1924,Заонежье,,,,,,
МД-52,Ж1924,,176,173,177,217,225,213,1924,Заонежье,,,,,,
МД-52,ВТ1932,,238,225,238,328,334,325,1932,Заонежье,,,,,,
МД-52,ВТ1932,,242,214,216,325,324,317,1932,Заонежье,,,,,,
МД-52,ВТ1932,,262,216,218,278,292,288,1932,Заонежье,,,,,,
МД-52,ВТ1932,,255,221,243,342,349,327,1932,Заонежье,,,,,,
МД-52,ВТ1932,,230,224,225,336,346,326,1932,Заонежье,,,,,,
МД-52,ВТ1932,,231,192,194,274,266,269,1932,Заонежье,,,,,,
МД-52,ВТ1932,,243,203,209,333,341,340,1932,Заонежье,,,,,,
МД-52,ВТ1932,,213,213,213,272,266,271,1932,Заонежье,,,,,,
МД-52,ВТ1932,,217,187,178,303,313,308,1932,Заонежье,,,,,,
МД-52,ВТ1932,,229,219,219,276,275,286,1932,Заонежье,,,,,,
МД-52,ВТ1932,,250,222,222,338,350,339,1932,Заонежье,,,,,,
МД-52,ВТ1932,,225,205,205,349,364,354,1932,Заонежье,,,,,,
МД-52,ВТ1932,,249,237,243,333,328,331,1932,Заонежье,,,,,,
МД-52,ВТ1932,,249,223,224,367,370,344,1932,Заонежье,,,,,,
МД-52,ВТ1932,,268,223,227,311,300,303,1932,Заонежье,,,,,,
МД-52,ВТ1932,,254,222,233,307,310,300,1932,Заонежье,,,,,,
МД-52,ВТ1932,,245,223,238,299,273,281,1932,Заонежье,,,,,,
МД-52,ВТ1932,,248,238,242,333,310,305,1932,Заонежье,,,,,,
МД-52,ВТ1932,,246,220,228,290,280,277,1932,Заонежье,,,,,,
МД-52,ВТ1932,,260,212,220,343,306,318,1932,Заонежье,,,,,,
МД-52,ВТ1932,,252,226,229,351,367,357,1932,Заонежье,,,,,,
МД-52,ВТ1932,,288,257,262,318,311,300,1932,Заонежье,,,,,,
МД-52,ВТ1932,,255,221,222,333,313,316,1932,Заонежье,,,,,,
МД-52,ВТ1932,,261,203,213,280,272,264,1932,Заонежье,,,,,,
МД-52,ВТ1932,,314,207,215,263,279,276,1932,Заонежье,,,,,,
МД-52,ВТ1932,,263,223,225,325,317,317,1932,Заонежье,,,,,,
МД-52,ВТ1932,,283,229,238,283,270,267,1932,Заонежье,,,,,,
МД-52,ВТ1932,,250,210,213,284,291,291,1932,Заонежье,,,,,,
МД-52,ВТ1932,,247,215,219,304,302,289,1932,Заонежье,,,,,,
МД-52,ВТ1932,,236,208,212,340,348,334,1932,Заонежье,,,,,,
МД-52,ВТ1932,,259,212,219,327,311,310,1932,Заонежье,,,,,,
МД-52,ВТ1932,,226,225,230,390,395,395,1932,Заонежье,,,,,,
МД-52,ВТ1932,,288,227,238,327,330,330,1932,Заонежье,,,,,,
МД-52,ВТ1932,,256,238,241,327,333,330,1932,Заонежье,,,,,,
МД-52,ВТ1932,,264,236,239,317,323,311,1932,Заонежье,,,,,,
МД-52,ВТ1932,,280,218,215,257,266,275,1932,Заонежье,,,,,,
МД-52,ВТ1932,,245,233,233,291,292,289,1932,Заонежье,,,,,,
МД-52,ВТ1932,,280,268,268,334,341,337,1932,Заонежье,,,,,,
МД-52,ВТ1932,,247,222,222,313,325,304,1932,Заонежье,,,,,,
МД-52,ВТ1932,,238,216,216,333,325,304,1932,Заонежье,,,,,,
МД-52,ВТ1932,,248,212,214,345,344,336,1932,Заонежье,,,,,,
МД-52,ВТ1932,,237,207,209,302,291,280,1932,Заонежье,,,,,,
МД-52,ВТ1932,,265,232,237,296,285,288,1932,Заонежье,,,,,,
МД-52,ВТ1932,,248,229,234,295,293,292,1932,Заонежье,,,,,,
МД-52,ВТ1932,,241,202,210,332,321,323,1932,Заонежье,,,,,,
МД-52,ВТ1932,,293,270,273,352,351,350,1932,Заонежье,,,,,,
МД-52,ВТ1932,,283,232,236,374,366,376,1932,Заонежье,,,,,,
МД-52,ВТ1932,,261,220,218,331,335,316,1932,Заонежье,,,,,,
МД-52,ВТ1932,,207,207,207,309,309,309,1932,Заонежье,,,,,,
МД-52,ВТ1932,,266,237,237,346,344,336,1932,Заонежье,,,,,,
МД-52,ВТ1932,,247,226,228,278,277,264,1932,Заонежье,,,,,,
МД-52,ВТ1932,,283,238,240,304,292,303,1932,Заонежье,,,,,,
МД-52,ВТ1932,,261,246,242,336,334,323,1932,Заонежье,,,,,,
МД-52,ВТ1932,,245,210,211,305,277,266,1932,Заонежье,,,,,,
МД-52,ВТ1932,,233,211,211,285,292,283,1932,Заонежье,,,,,,
МД-52,ВТ1932,,258,242,245,350,338,325,1932,Заонежье,,,,,,
МД-52,ВТ1932,,264,237,237,360,358,359,1932,Заонежье,,,,,,
МД-52,ВТ1932,,230,222,235,298,296,313,1932,Заонежье,,,,,,
МД-52,ВТ1932,,258,230,226,317,315,315,1932,Заонежье,,,,,,
МД-52,ВТ1932,,242,238,238,341,339,333,1932,Заонежье,,,,,,
МД-52,ВТ1932,,250,235,235,362,352,361,1932,Заонежье,,,,,,
МД-52,ВТ1932,,248,204,209,270,266,269,1932,Заонежье,,,,,,
МД-52,ВТ1932,,247,223,235,282,283,279,1932,Заонежье,,,,,,
МД-52,ВТ1932,,`,201,204,291,278,273,1932,Заонежье,,,,,,
a3,mgd,f,185,197,212,210,195,194,1932,малинино,78,,,,,
a11,mgd,f,198,206,219,216,207,176,1932,малинино,78,,,,,
a17,mgd,f,185,190,201,199,193,177,1932,малинино,78,,,,,
a20,mgd,f,205,210,213,211,208,192,1932,малинино,78,,,,,
a21,mgd,f,148,163,200,200,196,195,1932,малинино,78,,,,,
a22,mgd,f,203,210,245,243,236,231,1932,малинино,78,,,,,
a46,mgd,f,192,200,237,235,229,229,1932,малинино,78,,,,,
a47,mgd,f,201,215,239,238,234,231,1932,малинино,78,,,,,
a2,aas,f,233,248,317,309,306,317,,малинино,,,,,,
a45,aas,f,226,238,327,321,318,310,,малинино,,,,,,
a5,pas,f,200,217,253,249,249,243,1930,малинино,80,,,,,
a6,pas,f,182,216,256,255,243,254,1930,малинино,80,,,,,
a42,pas,f,200,209,243,242,240,244,1930,малинино,80,,,,,
a43,pas,f,201,215,225,224,218,220,1930,малинино,80,,,,,
a44,pas,f,99,139,205,203,199,203,1930,малинино,80,,,,,
a1,ams,f,280,300,360,363,335,337,1941,малинино,69,,,,,
a10,vns,f,193,216,331,333,333,322,1918,малинино,92,,,,,
a23,vns,f,243,267,335,328,328,322,1918,малинино,92,,,,,
a25,vns,f,212,214,385,385,385,389,1918,малинино,92,,,,,
a27,vns,f,212,236,383,386,386,340,1918,малинино,92,,,,,
a30,vns,f,238,265,392,391,391,372,1918,малинино,92,,,,,
a32,vns,f,196,235,361,360,358,345,1918,малинино,92,,,,,
a35,vns,f,179,198,224,223,204,160,1918,малинино,92,,,,,
a36,vns,f,239,243,352,354,354,352,1918,малинино,92,,,,,
a37,vns,f,211,241,353,358,358,359,1918,малинино,92,,,,,
a38,vns,f,260,275,312,305,305,305,1918,малинино,92,,,,,
a40,vns,f,247,277,334,329,329,320,1918,малинино,92,,,,,
a49,vns,f,243,263,299,290,290,290,1918,малинино,92,,,,,
a51,vns,f,201,209,216,218,207,215,1918,малинино,92,,,,,
a15,vns,f,246,270,331,280,269,267,1918,малинино,92,,,,,
,pas,,239,241,318,318,311,311,1930,малинино,80,,,,,
,mgd,,200,206,215,217,213,211,1932,малинино,78,,,,,
,vns,,191,199,234,235,231,231,1918,малинино,92,,,,,
,vns,,243,259,298,297,297,308,1918,малинино,92,,,,,
,pas,,201,232,332,334,328,328,1930,малинино,80,,,,,
,mgd,,190,199,234,235,230,230,1932,малинино,78,,,,,
a16,mgd,,260,283,362,357,361,350,1932,малинино,78,,,,,
a28,pas,,163,188,227,230,230,241,1930,малинино,80,,,,,
a14,vns,,200,219,241,242,242,197,1918,малинино,92,,,,,
,vns,,221,240,322,322,322,353,1918,малинино,92,,,,,
a1,SMA1918,f,221,221,260,260,217,209,1918,вадюга,72,,,,,
a2,MPE1917,f,189,189,270,268,243,250,1917,вадюга,70,,,,,
a3,MPE1917,f,213,213,302,301,275,265,1917,вадюга,70,,,,,
a4=336,NAP1925,f,238,216,289,288,221,229,1925,вадюга,62,,,,,
a5,NAP1925,f,227,227,368,368,329,320,1925,вадюга,62,,,,,
a6,NAP1925,f,252,222,297,295,283,273,1925,вадюга,62,,,,,
335,NAP1925,,275,241,310,308,249,190,1925,вадюга,62,,,,,
336,NAP1925,,262,280,343,347,330,313,1925,вадюга,62,,,,,
a8,NAI1910,f,204,205,295,294,294,275,1910,вадюга,80,,,,,
a10,RMI1900,f,211,198,253,252,229,261,1900,вадюга,87,,,,,
a11,RMI1900,f,226,213,258,257,224,247,1900,вадюга,87,,,,,
a12,RMI1900,f,197,196,224,226,227,224,1900,вадюга,87,,,,,
a13,RMI1900,f,214,214,258,257,257,255,1900,вадюга,87,,,,,
a14,RMI1900,f,200,200,265,260,248,252,1900,вадюга,87,,,,,
a15,RMI1900,f,272,250,292,291,289,285,1900,вадюга,87,,,,,
a16,RMI1900,f,185,185,260,259,224,240,1900,вадюга,87,,,,,
a17,MPE1917,f,220,211,236,234,204,198,1917,вадюга,70,,,,,
a18,RAO1920,f,225,230,362,367,310,328,1920,вадюга,67,,,,,
a19,RAO1920,f,249,251,343,343,343,343,1920,вадюга,67,,,,,
a20,RAO1920,f,118,120,190,190,170,179,1920,вадюга,67,,,,,
340,RAO1920,,234,242,354,350,246,169,1920,вадюга,67,,,,,
a22,XPX19XX,f,151,151,322,324,324,334,,вадюга,,,,,,
a23,XZV1907,f,186,181,391,393,338,370,1907,вадюга,83,,,,,
a24,PNS1907,f,156,155,190,189,156,156,1907,вадюга,83,,,,,
320,XNA1914,,180,180,206,202,158,138,1914,вадюга,76,,,,,
,avv1948,,125,160,200,201,194,198,1948,шетнево и пятиусово (копия),,,,,,
,avv1948,,121,155,210,213,203,211,1948,шетнево и пятиусово (копия),,,,,,
,avv1948,,128,152,214,216,207,212,1948,шетнево и пятиусово (копия),,,,,,
,avv1948,,116,149,220,209,205,207,1948,шетнево и пятиусово (копия),,,,,,
,avv1948,,135,146,221,223,208,208,1948,шетнево и пятиусово (копия),,,,,,
,avv1948,,135,151,195,196,196,196,1948,шетнево и пятиусово (копия),,,,,,
,avv1948,,131,160,215,227,227,210,1948,шетнево и пятиусово (копия),,,,,,
,avv1948,,131,160,219,222,217,221,1948,шетнево и пятиусово (копия),,,,,,
,avv1948,,140,145,177,178,172,176,1948,шетнево и пятиусово (копия),,,,,,
,avv1948,,140,146,177,178,172,176,1948,шетнево и пятиусово (копия),,,,,,
,avv1948,,132,168,224,289,229,231,1948,шетнево и пятиусово (копия),,,,,,
,avv1948,,119,150,200,203,196,198,1948,шетнево и пятиусово (копия),,,,,,
,avv1948,,142,160,212,214,203,203,1948,шетнево и пятиусово (копия),,,,,,
,avv1948,,140,160,222,225,182,181,1948,шетнево и пятиусово (копия),,,,,,
,avv1948,,161,176,216,214,191,205,1948,шетнево и пятиусово (копия),,,,,,
,avv1948,,127,164,216,221,215,219,1948,шетнево и пятиусово (копия),,,,,,
,avv1948,,110,156,210,211,205,206,1948,шетнево и пятиусово (копия),,,,,,
,mga1932,,207,222,268,264,245,260,1932,шетнево и пятиусово (копия),,,,,,
,mga1932,,193,257,284,282,274,277,1932,шетнево и пятиусово (копия),,,,,,
,mga1932,,207,234,325,330,309,291,1932,шетнево и пятиусово (копия),,,,,,
,mga1932,,200,243,322,333,307,290,1932,шетнево и пятиусово (копия),,,,,,
,mga1932,,221,240,279,272,264,264,1932,шетнево и пятиусово (копия),,,,,,
,mga1932,,186,198,284,284,284,284,1932,шетнево и пятиусово (копия),,,,,,
,mga1932,,193,192,243,243,243,243,1932,шетнево и пятиусово (копия),,,,,,
,mga1932,,208,243,313,311,295,293,1932,шетнево и пятиусово (копия),,,,,,
,mga1932,,200,219,313,313,310,310,1932,шетнево и пятиусово (копия),,,,,,
,mga1932,,194,218,292,294,275,275,1932,шетнево и пятиусово (копия),,,,,,
,mga1932,,200,230,315,313,302,302,1932,шетнево и пятиусово (копия),,,,,,
,mga1932,,217,223,331,331,331,331,1932,шетнево и пятиусово (копия),,,,,,
,mga1932,,184,211,300,300,290,290,1932,шетнево и пятиусово (копия),,,,,,
,mga1932,,206,220,290,292,280,287,1932,шетнево и пятиусово (копия),,,,,,
,mga1932,,209,220,287,291,291,291,1932,шетнево и пятиусово (копия),,,,,,
,gip1953,,198,209,327,327,327,323,1953,шетнево и пятиусово (копия),,,,,,
,gip1953,,199,245,390,380,380,382,1953,шетнево и пятиусово (копия),,,,,,
,gip1953,,201,207,395,400,400,395,1953,шетнево и пятиусово (копия),,,,,,
,gip1953,,234,264,324,323,288,297,1953,шетнево и пятиусово (копия),,,,,,
,vpm1934,,159,162,220,224,224,219,1934,шетнево и пятиусово (копия),,,,,,
,vpm1934,,208,206,277,283,276,286,1934,шетнево и пятиусово (копия),,,,,,
,vpm1934,,186,217,275,280,272,264,1934,шетнево и пятиусово (копия),,,,,,
,vpm1934,,225,250,333,334,328,331,1934,шетнево и пятиусово (копия),,,,,,
,zes1942,,193,200,307,310,310,310,1942,шетнево и пятиусово (копия),,,,,,
,zes1942,,174,216,295,305,280,297,1942,шетнево и пятиусово (копия),,,,,,
,mga1932,,207,222,268,264,245,260,1932,ШМП без мужчин((,,,,,,
,mga1932,,193,257,284,282,274,277,1932,ШМП без мужчин((,,,,,,
,mga1932,,207,234,325,330,309,291,1932,ШМП без мужчин((,,,,,,
,mga1932,,200,243,322,333,307,290,1932,ШМП без мужчин((,,,,,,
,mga1932,,221,240,279,272,264,264,1932,ШМП без мужчин((,,,,,,
,mga1932,,186,198,284,284,284,284,1932,ШМП без мужчин((,,,,,,
,mga1932,,193,192,243,243,243,243,1932,ШМП без мужчин((,,,,,,
,mga1932,,208,243,313,311,295,293,1932,ШМП без мужчин((,,,,,,
,mga1932,,200,219,313,313,310,310,1932,ШМП без мужчин((,,,,,,
,mga1932,,194,218,292,294,275,275,1932,ШМП без мужчин((,,,,,,
,mga1932,,200,230,315,313,302,302,1932,ШМП без мужчин((,,,,,,
,mga1932,,217,223,331,331,331,331,1932,ШМП без мужчин((,,,,,,
,mga1932,,184,211,300,300,290,290,1932,ШМП без мужчин((,,,,,,
,mga1932,,206,220,290,292,280,287,1932,ШМП без мужчин((,,,,,,
,mga1932,,209,220,287,291,291,291,1932,ШМП без мужчин((,,,,,,
,gip1953,,198,209,327,327,327,323,1953,ШМП без мужчин((,,,,,,
,gip1953,,199,245,390,380,380,382,1953,ШМП без мужчин((,,,,,,
,gip1953,,201,207,395,400,400,395,1953,ШМП без мужчин((,,,,,,
,gip1953,,234,264,324,323,288,297,1953,ШМП без мужчин((,,,,,,
,vpm1934,,159,162,220,224,224,219,1934,ШМП без мужчин((,,,,,,
,vpm1934,,208,206,277,283,276,286,1934,ШМП без мужчин((,,,,,,
,vpm1934,,186,217,275,280,272,264,1934,ШМП без мужчин((,,,,,,
,vpm1934,,225,250,333,334,328,331,1934,ШМП без мужчин((,,,,,,
,zes1942,,193,200,307,310,310,310,1942,ШМП без мужчин((,,,,,,
,zes1942,,174,216,295,305,280,297,1942,ШМП без мужчин((,,,,,,
втб80,КЛЛ1929,f,189,197,290,282,237,245,1929,Городок,,,,,,
втб101,ХПГ1921,,215,209,250,248,242,242,1921,Городок,,,,,,
втб105,ХПГ1921,,196,206,293,300,292,277,1921,Городок,,,,,,
,ХПГ1921,,205,215,267,267,267,262,1921,Городок,,,,,,
втб111,ХПГ1921,,199,197,253,252,252,247,1921,Городок,,,,,,
втб112,ХПГ1921,,203,208,304,310,310,310,1921,Городок,,,,,,
втб118,ХПГ1921,,220,223,251,248,239,234,1921,Городок,,,,,,
втб81,КЛЛ1929,,206,197,251,250,250,244,1929,Городок,,,,,,
втб82,КЛЛ1929,,188,176,254,249,249,249,1929,Городок,,,,,,
втб88,КЛЛ1929,,192,177,288,292,292,262,1929,Городок,,,,,,
втб91,КЛЛ1929,,203,190,281,281,264,262,1929,Городок,,,,,,
втб94,КЛЛ1929,,194,190,228,228,225,222,1929,Городок,,,,,,
втб127,БКВ1910,,185,171,269,271,271,247,1910,Городок,,,,,,
втб130,БКВ1910,,205,167,277,276,258,248,1910,Городок,,,,,,
втб132,БКВ1910,,203,182,282,284,284,265,1910,Городок,,,,,,
втб140,БКВ1910,,182,184,262,264,264,247,1910,Городок,,,,,,
втб150,БКВ1910,,192,173,263,260,260,252,1910,Городок,,,,,,
втб160,БКВ1910,,158,179,276,273,273,253,1910,Городок,,,,,,
втб164,БКВ1910,,172,178,285,285,275,265,1910,Городок,,,,,,
втб168,БКВ1910,,161,173,257,257,257,245,1910,Городок,,,,,,
втб171,БКВ1910,,173,170,272,272,272,248,1910,Городок,,,,,,
втб173,БКВ1910,,165,177,273,273,273,264,1910,Городок,,,,,,
втб176,БКВ1910,,175,184,274,274,274,245,1910,Городок,,,,,,
втб178,БКВ1910,,155,181,266,266,266,238,1910,Городок,,,,,,
втб198,БКВ1910,,175,170,255,256,256,263,1910,Городок,,,,,,
втб210,БКВ1910,,193,171,274,273,273,264,1910,Городок,,,,,,
втб217,БКВ1910,,173,185,309,308,308,277,1910,Городок,,,,,,
,БКВ1910,,198,170,176,255,251,230,1910,Городок,,,,,,
втб237,КТИ1932,,194,189,295,293,293,293,1932,Городок,,,,,,
втб276,БНА1932,,193,196,257,257,249,240,1932,Городок,,,,,,
втб283,БНА1932,,180,212,300,300,288,277,1932,Городок,,,,,,
втб419,ДЕФ1936,,229,221,312,317,296,279,1936,Городок,,,,,,
соб187,ВМН1937,,209,217,308,309,285,284,1937,Соболево,,,,,,
соб196,ВМН1937,,195,211,303,303,303,270,1937,Соболево,,,,,,
соб202,КЛА1938,,211,232,317,317,317,317,1938,Соболево,,,,,,
соб220,КЛА1938,,190,210,356,358,358,368,1938,Соболево,,,,,,
соб229,КЛА1938,,206,203,368,370,370,360,1938,Соболево,,,,,,
соб239,КЛА1938,,230,208,321,326,312,292,1938,Соболево,,,,,,
соб247,КЛА1938,,212,212,421,421,403,395,1938,Соболево,,,,,,
соб258,КЛА1938,,199,189,345,347,347,347,1938,Соболево,,,,,,
соб260,КЛА1938,,199,197,424,422,410,404,1938,Соболево,,,,,,
соб261,КЛА1938,,199,199,387,389,356,366,1938,Соболево,,,,,,
соб266,КЛА1938,,213,213,413,401,401,401,1938,Соболево,,,,,,
соб269,КЛА1938,,143,143,395,397,390,394,1938,Соболево,,,,,,
соб293,КЛА1938,,179,192,320,313,313,298,1938,Соболево,,,,,,
соб295,КЛА1938,,143,143,340,337,337,281,1938,Соболево,,,,,,
соб296,КЛА1938,,165,165,378,378,378,324,1938,Соболево,,,,,,
соб297,КЛА1938,,166,166,344,334,334,308,1938,Соболево,,,,,,
соб300,КЛА1938,,208,208,295,298,278,261,1938,Соболево,,,,,,
соб301,КЛА1938,,165,165,277,273,273,252,1938,Соболево,,,,,,
соб302,КЛА1938,,182,182,283,278,278,197,1938,Соболево,,,,,,
соб310,КЛА1938,,198,198,380,388,356,330,1938,Соболево,,,,,,
соб228,КЛА1938,,202,202,395,398,384,375,1938,Соболево,,,,,,
соб230,КЛА1938,,202,204,347,352,334,347,1938,Соболево,,,,,,
,ПСД1928,,178,182,310,306,295,277,1928,Веретье,,,,,,
,ПСД1928,,185,189,252,262,262,255,1928,Веретье,,,,,,
,ПСД1928,,181,181,261,249,249,245,1928,Веретье,,,,,,
,ПСД1928,,168,172,240,240,218,218,1928,Веретье,,,,,,
,ПСД1928,,162,170,249,244,246,237,1928,Веретье,,,,,,
,ПСД1928,,185,188,261,260,245,245,1928,Веретье,,,,,,
,ПСД1928,,200,217,296,295,290,294,1928,Веретье,,,,,,
,ПСД1928,,191,191,253,253,253,223,1928,Веретье,,,,,,
,ПСД1928,,160,163,251,251,226,231,1928,Веретье,,,,,,
R09_0001,ЯЕГ1928,f,247,276,301,297,288,209,1928,Опочка,,,312,,,
R09_0001,ЯЕГ1928,f,303,310,330,337,343,280,1928,Опочка,,,383,,,
R09_0001,ЯЕГ1928,f,238,248,286,285,307,233,1928,Опочка,,,353,,,
R09_0001,ЯЕГ1928,f,223,230,286,294,289,251,1928,Опочка,,,347,,,
R09_0001,ЯЕГ1928,f,223,220,260,267,267,267,1928,Опочка,,,315,,,
R09_0001,ЯЕГ1928,f,255,254,310,311,297,255,1928,Опочка,,,365,,,
R09_0001,ЯЕГ1928,f,247,265,338,339,310,256,1928,Опочка,,,339,,,
R09_0001,ЯЕГ1928,f,248,246,274,272,250,219,1928,Опочка,,,295,,,
R09_0001,ЯЕГ1928,f,255,268,280,279,290,232,1928,Опочка,,,331,,,
R09_0001,ЯЕГ1928,f,233,231,272,298,349,237,1928,Опочка,,,357,,,
R09_0001,ЯЕГ1928,f,222,216,296,338,338,260,1928,Опочка,,,338,,,
R09_0001,ЯЕГ1928,f,267,264,318,312,312,207,1928,Опочка,,,312,,,
R09_0001,ЯЕГ1928,f,196,196,219,216,216,178,1928,Опочка,,,216,,,
R09_0001,ЯЕГ1928,f,252,286,347,371,327,243,1928,Опочка,,,371,,,
R09_0001,ЯЕГ1928,f,227,253,268,270,265,227,1928,Опочка,,,292,,,
R09_0001,ЯЕГ1928,f,206,218,320,321,245,213,1928,Опочка,,,318,,,
R09_0001,ЯЕГ1928,f,234,246,286,292,235,205,1928,Опочка,,,292,,,
R09_0001,ЯЕГ1928,f,202,203,221,219,190,180,1928,Опочка,,,219,,,
R09_0001,ЯЕГ1928,f,234,238,262,264,236,202,1928,Опочка,,,264,,,
R09_0001,ЯЕГ1928,f,195,195,212,211,186,168,1928,Опочка,,,211,,,
R09_0001,ЯЕГ1928,f,218,218,260,261,196,171,1928,Опочка,,,261,,,
R09_0001,ЯЕГ1928,f,209,203,245,243,207,167,1928,Опочка,,,243,,,
R09_0001,ЯЕГ1928,f,220,218,255,257,244,218,1928,Опочка,,,257,,,
R09_0001,ЯЕГ1928,f,240,238,247,250,218,180,1928,Опочка,,,250,,,
R09_0001,ЯЕГ1928,f,233,254,274,283,266,223,1928,Опочка,,,297,,,
R09_0001,ЯЕГ1928,f,218,218,246,249,293,208,1928,Опочка,,,315,,,
R09_0001,ЯЕГ1928,f,220,205,237,248,257,236,1928,Опочка,,,288,,,
R09_0001,ЯЕГ1928,f,191,199,245,244,220,188,1928,Опочка,,,244,,,
R09_0001,ЯЕГ1928,f,239,264,284,284,248,227,1928,Опочка,,,284,,,
R09_0001,ЯЕГ1928,f,216,218,251,253,235,218,1928,Опочка,,,253,,,
R09_0001,ЯЕГ1928,f,241,233,270,266,223,198,1928,Опочка,,,266,,,
R09_0001,ЯЕГ1928,f,207,211,262,259,217,199,1928,Опочка,,,259,,,
R09_0001,ЯЕГ1928,f,256,275,371,374,331,331,1928,Опочка,,,374,,,
R09_0001,ЯЕГ1928,f,217,251,392,387,373,373,1928,Опочка,,,387,,,
R09_0008,ИЗИ1932,,188,188,239,241,241,232,1932,Опочка,,,241,,,
R09_0008,ИЗИ1932,,233,246,347,341,341,347,1932,Опочка,,,341,,,
R09_0008,ИЗИ1932,,283,289,377,377,325,325,1932,Опочка,,,377,,,
R09_0008,ИЗИ1932,,211,246,402,410,290,270,1932,Опочка,,,410,,,
R09_0008,ИЗИ1932,,192,201,237,239,223,194,1932,Опочка,,,239,,,
,шав1939,,186,183,232,227,227,222,1939,Берно,,,,,,
,шав1939,,185,275,272,272,265,265,1939,Берно,,,,,,
,шав1939,,190,190,257,257,224,224,1939,Берно,,,,,,
,шав1939,,157,157,230,231,231,253,1939,Берно,,,,,,
,шав1939,,187,197,284,294,282,270,1939,Берно,,,,,,
,шав1939,,171,187,220,221,207,203,1939,Берно,,,,,,
,шав1939,,202,209,307,308,308,320,1939,Берно,,,,,,
,шав1939,,166,193,362,361,343,341,1939,Берно,,,,,,
,шав1939,,242,323,342,381,325,275,1939,Берно,,,,,,
,шав1939,,138,138,296,298,298,344,1939,Берно,,,,,,
,шав1939,,221,219,340,337,317,293,1939,Берно,,,,,,
,шав1939,,180,180,271,271,248,248,1939,Берно,,,,,,
,шав1939,,183,183,220,225,240,230,1939,Берно,,,,,,
,шав1939,,170,170,265,268,268,257,1939,Берно,,,,,,
,шав1939,,184,190,267,266,266,245,1939,Берно,,,,,,
,шав1939,,192,196,248,248,248,238,1939,Берно,,,,,,
,шав1939,,196,196,285,290,290,283,1939,Берно,,,,,,
,МВИ1942,,160,160,350,380,330,294,1942,Берно,,,,,,
,МВИ1942,,200,200,317,306,306,306,1942,Берно,,,,,,
,МВИ1942,,209,240,335,333,327,314,1942,Берно,,,,,,
,МВИ1942,,233,233,434,434,434,400,1942,Берно,,,,,,
,МВИ1942,,280,288,381,393,363,287,1942,Берно,,,,,,
,МВИ1942,,180,283,287,274,274,280,1942,Берно,,,,,,
,МВИ1942,,182,186,293,308,298,276,1942,Берно,,,,,,
250,mpu1928,,252,252,267,262,246,246,1928,Роговатка,,,,,,
251,aad1926,,195,196,225,218,199,199,1926,Роговатка,,,,,,
252,aad1926,,211,215,237,232,232,232,1926,Роговатка,,,,,,
253,aad1926,,210,211,246,245,245,243,1926,Роговатка,,,,,,
254,aad1926,,217,223,271,275,238,204,1926,Роговатка,,,,,,
255,aad1926,,211,211,248,247,247,230,1926,Роговатка,,,,,,
256,eazh1935,,190,196,252,256,256,232,1935,Роговатка,,,,,,
257,eazh1935,,187,187,262,251,251,251,1935,Роговатка,,,,,,
258,eazh1935,,223,226,283,279,261,196,1935,Роговатка,,,,,,
259,eks1919,,263,263,263,240,206,202,1919,Роговатка,,,,,,
260,eks1919,,229,234,266,266,215,210,1919,Роговатка,,,,,,
261,eks1919,,206,210,254,252,198,190,1919,Роговатка,,,,,,
262,eks1919,,245,249,283,283,197,169,1919,Роговатка,,,,,,
263,eks1919,,249,243,303,303,213,190,1919,Роговатка,,,,,,
266,eks1919,,237,233,247,245,217,181,1919,Роговатка,,,,,,
268,eks1919,,216,213,231,221,190,179,1919,Роговатка,,,,,,
269,eks1919,,229,230,263,261,232,215,1919,Роговатка,,,,,,
270,eks1919,,274,274,294,291,244,203,1919,Роговатка,,,,,,
271,eks1919,,278,278,265,265,206,189,1919,Роговатка,,,,,,
272,eks1919,,263,263,268,268,184,173,1919,Роговатка,,,,,,
273,ekzh1914,,231,235,235,225,194,171,1914,Роговатка,,,,,,
277,ekzh1914,,247,250,322,322,284,241,1914,Роговатка,,,,,,
275,ekzh1914,,241,244,313,315,260,208,1914,Роговатка,,,,,,
276,ekzh1914,,252,256,315,313,231,191,1914,Роговатка,,,,,,
278,ekzh1914,,248,250,291,290,241,200,1914,Роговатка,,,,,,
279,ekzh1914,,247,247,292,297,258,258,1914,Роговатка,,,,,,
280,ekzh1914,,252,259,280,280,256,214,1914,Роговатка,,,,,,
281,ekzh1914,,238,238,290,284,255,212,1914,Роговатка,,,,,,
Д8924,КЕ1919,,283,293,363,360,205,167,1919,Мосеево,,,,,,
Д8924,КЕ1919,,250,261,291,289,193,167,1919,Мосеево,,,,,,
Д89-27,МГГ1932,,208,219,250,253,224,204,1932,Мосеево,,,,,,
Д89-28,АТ,,191,197,217,218,189,181,,Мосеево,,,,,,
Д89-28,АТ,,213,193,224,221,197,177,,Мосеево,,,,,,
Д89-32,ГТС1932,,229,223,289,293,204,192,1932,Мосеево,,,,,,
Д89-30,ГТС1932,,183,183,226,225,154,143,1932,Мосеево,,,,,,
Д89-32,ГТС1932,,187,187,229,226,175,170,1932,Мосеево,,,,,,
Д89-32,ГТС1932,,233,210,293,294,214,193,1932,Мосеево,,,,,,
Д89-32,ГТС1932,,152,166,184,185,171,164,1932,Мосеево,,,,,,
Д89-32,ГТС1932,,202,226,259,255,221,207,1932,Мосеево,,,,,,
Д89-19,МАН1910,,235,235,281,278,184,188,1910,Мосеево,,,,,,
Д89-19,МАН1910,,218,218,300,301,216,217,1910,Мосеево,,,,,,
Д89-19,МАН1910,,205,205,306,309,180,180,1910,Мосеево,,,,,,
Д89-19,МАН1910,,197,197,233,226,171,164,1910,Мосеево,,,,,,
Д89-19,МАН1910,,237,228,274,274,242,144,1910,Мосеево,,,,,,
Д89-19,МАН1910,,200,189,267,265,168,160,1910,Мосеево,,,,,,
Д61-9,КПФ1898,,212,212,246,248,210,202,1898,Мосеево,,,,,,
Д61-9,КПФ1898,,216,226,245,244,206,202,1898,Мосеево,,,,,,
Д61-9,КПФ1898,,258,258,270,269,212,192,1898,Мосеево,,,,,,
Д61-9,КПФ1898,,257,243,272,272,228,202,1898,Мосеево,,,,,,
Д61-6,КПФ1898,,238,250,380,382,239,237,1898,Мосеево,,,,,,
Д61-6,КПФ1898,,222,221,257,257,196,196,1898,Мосеево,,,,,,
Д61-6,КПФ1898,,260,255,318,318,222,200,1898,Мосеево,,,,,,
Д61-4,КПФ1898,,241,233,347,346,223,210,1898,Мосеево,,,,,,
Д62-2,АТ,,178,178,215,214,174,162,,Мосеево,,,,,,
Д62-1,АТ,,252,248,266,260,190,173,,Мосеево,,,,,,
Д61-12,БАМ,,212,211,271,271,176,170,,Мосеево,,,,,,
Д8935,ММЛ1914,,192,232,333,340,243,171,1914,Мосеево,,,,,,
Д8934,ММЛ1914,,221,223,349,345,192,167,1914,Мосеево,,,,,,
R09_0010,ПЕФ1929,,170,159,281,281,281,262,1929,Салтыково,,,,,,
R09_0010,ПЕФ1929,,197,217,358,358,358,333,1929,Салтыково,,,,,,
R09_0012,ЮАИ1927,,151,168,258,258,255,250,1927,Салтыково,,,,,,
R09_0012,ЮАИ1927,,200,202,286,286,260,252,1927,Салтыково,,,,,,
R09_0012,ЮАИ1927,,188,173,260,260,260,260,1927,Салтыково,,,,,,
R09_0012,ЮАИ1927,,196,211,277,282,282,250,1927,Салтыково,,,,,,
R09_0012,ЮАИ1927,,252,245,324,324,327,291,1927,Салтыково,,,,,,
R09_0012,ЮАИ1927,,200,230,314,314,283,254,1927,Салтыково,,,,,,
R09_0012,ЮАИ1927,,194.25,200.625,294.75,295.375,288.25,269,1927,Салтыково,,,,,,
НАМ1937_2,НАМ1937 ,,161,162,282,271,271,274,1937,Ильмень,,,,,,
НАМ1937_2,НАМ1937 ,,191,181,278,285,285,287,1937,Ильмень,,,,,,
НАМ1937_2,НАМ1937 ,,217,209,319,334,334,302,1937,Ильмень,,,,,,
НАМ1937_2,НАМ1937 ,,190,185,290,290,290,290,1937,Ильмень,,,,,,
НАМ1937_2,НАМ1937 ,,191,190,286,282,282,286,1937,Ильмень,,,,,,
НАМ1937_2,НАМ1937 ,,189,194,285,290,290,288,1937,Ильмень,,,,,,
НАМ1937_2,НАМ1937 ,,161,161,308,310,310,306,1937,Ильмень,,,,,,
НАМ1937_2,НАМ1937 ,,185,180,335,338,338,342,1937,Ильмень,,,,,,
НАМ1937_2,НАМ1937 ,,198,199,305,308,308,326,1937,Ильмень,,,,,,
АВК1933,АВК1933,,240,246,298,298,298,298,1933,Ильмень,,,,,,
АВК1933,АВК1933,,226,209,223,226,211,226,1933,Ильмень,,,,,,
МВП1931,МВП1931,,166,201,247,247,247,260,1931,Ильмень,,,,,,
МВП1931,МВП1931,,147,148,209,211,211,210,1931,Ильмень,,,,,,
МВП1931,МВП1931,,173,176,277,277,277,258,1931,Ильмень,,,,,,
МВП1931,МВП1931,,190,193,240,243,243,240,1931,Ильмень,,,,,,
МВП1931,МВП1931,,176,178,193,191,175,166,1931,Ильмень,,,,,,
МВП1931,МВП1931,,172,175,262,262,262,246,1931,Ильмень,,,,,,
МВП1931,МВП1931,,187,183,268,260,260,260,1931,Ильмень,,,,,,
МВП1931,МВП1931,,189,195,257,254,254,259,1931,Ильмень,,,,,,
ДНП1929,ДНП1929,,165,165,272,274,244,244,1929,Ильмень,,,,,,
ХЕН1929,ХЕН1929,,225,190,292,290,290,290,1929,Ильмень,,,,,,
ХЕН1929,ХЕН1929,,228,188,325,325,325,310,1929,Ильмень,,,,,,
ХЕН1929,ХЕН1929,,206,201,308,308,308,312,1929,Ильмень,,,,,,
ХЕН1929,ХЕН1929,,209,201,297,297,297,287,1929,Ильмень,,,,,,
ХЕН1929,ХЕН1929,,213,194,286,286,266,266,1929,Ильмень,,,,,,
ХЕН1929,ХЕН1929,,192,186,251,251,241,241,1929,Ильмень,,,,,,
ХЕН1929,ХЕН1929,,192,198,292,292,267,267,1929,Ильмень,,,,,,
ХЕН1929,ХЕН1929,,192,189,222,225,213,213,1929,Ильмень,,,,,,
ХЕН1929,ХЕН1929,,208,190,212,211,190,190,1929,Ильмень,,,,,,
МВП1931,МВП1931,,241,243,324,328,304,279,1931,Ильмень,,,,,,
006-2007-08-05_11_45_44,ГПП1911,,225,250,334,334,280,272,1911,Сцепное,,,,,,
006-2007-08-05_11_45_44,ГПП1911,,242,276,362,361,347,285,1911,Сцепное,,,,,,
006-2007-08-05_11_45_44,ГПП1911,,213,248,312,312,285,255,1911,Сцепное,,,,,,
006-2007-08-05_11_45_44,ГПП1911,,223,228,380,390,358,350,1911,Сцепное,,,,,,
39,kfb1929,,170,161,285,287,264,249,1929,Хиславичи,,,,,,
40,kfb1929,,204,201,237,232,232,214,1929,Хиславичи,,,,,,
41,kfb1929,,221,197,391,389,317,278,1929,Хиславичи,,,,,,
42,kfb1929,,150,152,292,299,284,277,1929,Хиславичи,,,,,,
43,kfb1929,,166,170,275,274,274,260,1929,Хиславичи,,,,,,
44,kfb1929,,191,188,204,204,198,180,1929,Хиславичи,,,,,,
45,kfb1929,,163,172,299,301,291,288,1929,Хиславичи,,,,,,
46,kfb1929,,197,185,294,292,292,267,1929,Хиславичи,,,,,,
47,kfb1929,,180,191,385,385,325,305,1929,Хиславичи,,,,,,
48,kfb1929,,184,186,307,303,277,255,1929,Хиславичи,,,,,,
49,nib1935,,158,145,294,265,265,235,1935,Хиславичи,,,,,,
51,nib1935,,195,181,314,314,314,314,1935,Хиславичи,,,,,,
54,vfp1931,,180,187,197,197,197,197,1931,Хиславичи,,,,,,
55,vfp1931,,167,180,237,237,237,237,1931,Хиславичи,,,,,,
56,vfp1931,,218,220,255,276,276,251,1931,Хиславичи,,,,,,
57,zvp1934,,212,222,364,348,348,279,1934,Хиславичи,,,,,,
58,zvp1934,,217,214,348,344,344,344,1934,Хиславичи,,,,,,
59,zvp1934,,228,240,374,348,348,305,1934,Хиславичи,,,,,,
60,zvp1934,,226,241,353,357,281,278,1934,Хиславичи,,,,,,
61,zvp1934,,146,185,276,282,262,262,1934,Хиславичи,,,,,,
62,zvp1934,,170,170,315,319,276,276,1934,Хиславичи,,,,,,
63,zvp1934,,188,167,300,306,280,270,1934,Хиславичи,,,,,,
64,zvp1934,,165,161,306,292,274,219,1934,Хиславичи,,,,,,
65,zvp1934,,155,155,311,312,280,252,1934,Хиславичи,,,,,,
66,zvp1934,,178,190,290,287,270,243,1934,Хиславичи,,,,,,
69,zvp1934,,167,177,323,317,278,270,1934,Хиславичи,,,,,,
70,zvp1934,,184,174,266,269,269,269,1934,Хиславичи,,,,,,
72,nxr1961,,156,168,281,281,259,259,1961,Хиславичи,,,,,,
73,nxr1961,,183,184,315,313,313,313,1961,Хиславичи,,,,,,
82,vnz1948,,225,212,315,304,304,274,1948,Хиславичи,,,,,,
83,vnz1948,,176,174,283,287,260,255,1948,Хиславичи,,,,,,
84,vnz1948,,201,201,316,316,316,290,1948,Хиславичи,,,,,,
86,vnz1948,,210,211,353,349,349,349,1948,Хиславичи,,,,,,
87,ndr1934,,152,155,237,238,208,196,1934,Хиславичи,,,,,,
89,via1941,,151,157,258,258,238,220,1941,Хиславичи,,,,,,
91,kkd1952,,190,202,351,353,331,285,1952,Хиславичи,,,,,,
95,kkd1952,,181,185,248,254,254,254,1952,Хиславичи,,,,,,
96,pds1932,,231,190,427,404,404,404,1932,Хиславичи,,,,,,
97,pds1932,,282,255,430,436,436,436,1932,Хиславичи,,,,,,
98,pds1932,,200,190,344,342,342,326,1932,Хиславичи,,,,,,
53,vfp1931,,196,200,241,247,247,241,1931,Хиславичи,,,,,,
99,rgs1937,,162,159,230,228,228,233,1937,Хиславичи,,,,,,
178,XMM1913,,195,262,366,341,341,327,1913,Михайлов,,,,,,
179,XMM1913,,194,225,286,323,323,323,1913,Михайлов,,,,,,
180,XMM1913,,297,247,416,424,424,424,1913,Михайлов,,,,,,
181,XMM1913,,211,224,319,328,328,328,1913,Михайлов,,,,,,
182,XMM1913,,264,217,448,450,450,397,1913,Михайлов,,,,,,
183,XMM1913,,250,274,390,420,420,420,1913,Михайлов,,,,,,
184,XMM1913,,207,260,310,321,321,321,1913,Михайлов,,,,,,
185,XMM1913,,223,233,320,326,326,326,1913,Михайлов,,,,,,
186,XMM1913,,195,273,382,384,383,383,1913,Михайлов,,,,,,
187,XMM1913,,226,263,367,381,381,381,1913,Михайлов,,,,,,
188,XMM1913,,190,205,242,307,309,309,1913,Михайлов,,,,,,
189,XMM1913,,224,227,343,350,350,341,1913,Михайлов,,,,,,
190,XMM1913,,232,235,377,387,387,387,1913,Михайлов,,,,,,
191,XMM1913,,238,237,409,407,407,407,1913,Михайлов,,,,,,
192,SME1914,,202,224,312,311,311,332,1914,Михайлов,,,,,,
193,SME1914,,213,214,324,333,333,333,1914,Михайлов,,,,,,
194,SME1914,,178,178,246,234,234,225,1914,Михайлов,,,,,,
196,GAE1912,,242,213,362,362,294,302,1912,Михайлов,,,,,,
197,KMA1929,,197,206,238,236,236,234,1929,Михайлов,,,,,,
199,KMA1929,,253,229,270,285,300,307,1929,Михайлов,,,,,,
201,KMA1929,,227,227,272,284,284,289,1929,Михайлов,,,,,,
202,KMA1929,,192,189,221,224,224,237,1929,Михайлов,,,,,,
203,KMA1929,,225,226,246,249,249,260,1929,Михайлов,,,,,,
204,KMA1929,,206,209,240,240,242,240,1929,Михайлов,,,,,,
205,KMA1929,,237,222,314,300,298,298,1929,Михайлов,,,,,,
209,KMA1929,,193,191,235,239,239,239,1929,Михайлов,,,,,,
210,KMA1929,,203,193,215,211,209,209,1929,Михайлов,,,,,,
211,KMA1929,,201,193,245,240,240,236,1929,Михайлов,,,,,,
212,KMA1929,,195,179,218,218,213,211,1929,Михайлов,,,,,,
213,KMA1929,,194,190,238,237,236,236,1929,Михайлов,,,,,,
200,KDM1911,,244,245,264,252,252,258,1911,Михайлов,,,,,,
203,KDM1911,,249,253,264,264,250,245,1911,Михайлов,,,,,,
147,LVK1952,,200,197,293,297,297,301,1952,Лужниково,,,,,,
148,MAT1930,,220,204,253,253,253,252,1930,Лужниково,,,,,,
149,ams1933,,248,239,523,517,486,461,1933,Лужниково,,,,,,
150,ams1933,,229,217,417,417,417,417,1933,Лужниково,,,,,,
151,ams1933,,315,290,547,540,540,534,1933,Лужниково,,,,,,
152,ams1933,,288,252,592,595,595,595,1933,Лужниково,,,,,,
153,ams1933,,224,222,495,487,487,487,1933,Лужниково,,,,,,
154,ams1933,,277,240,485,485,485,485,1933,Лужниково,,,,,,
155,ams1933,,237,207,422,426,374,357,1933,Лужниково,,,,,,
156,sir1941,,162,162,197,197,190,153,1941,Лужниково,,,,,,
157,sir1941,,208,208,234,234,219,198,1941,Лужниково,,,,,,
158,ams1933,,197,207,475,465,465,405,1933,Лужниково,,,,,,
159,sir1941,,204,193,226,219,219,219,1941,Лужниково,,,,,,
160,sir1941,,156,155,198,198,199,198,1941,Лужниково,,,,,,
161,sir1941,,166,166,192,192,189,147,1941,Лужниково,,,,,,
162,sir1941,,229,225,298,298,296,296,1941,Лужниково,,,,,,
163,sir1941,,188,177,226,226,224,224,1941,Лужниково,,,,,,
164,sir1941,,136,136,217,217,217,217,1941,Лужниково,,,,,,
173,sir1941,,154,154,227,227,206,172,1941,Лужниково,,,,,,
166,sir1941,,170,171,218,216,216,213,1941,Лужниково,,,,,,
169,sir1941,,175,175,251,244,244,239,1941,Лужниково,,,,,,
170,sir1941,,156,156,206,206,185,170,1941,Лужниково,,,,,,
171,sir1941,,155,155,191,191,183,183,1941,Лужниково,,,,,,
172,sir1941,,187,187,227,227,212,172,1941,Лужниково,,,,,,
174,sir1941,,160,168,210,210,194,166,1941,Лужниково,,,,,,
175,sir1941,,155,155,205,200,184,165,1941,Лужниково,,,,,,
176,sir1941,,185,189,210,210,187,187,1941,Лужниково,,,,,,
102,bna1938,,193,191,541,541,541,590,1938,Лух и Теза,,,,,,
103,bna1938,,240,240,395,395,395,395,1938,Лух и Теза,,,,,,
104,bna1938,,218,205,391,393,373,359,1938,Лух и Теза,,,,,,
107,bna1938,,252,260,426,415,413,430,1938,Лух и Теза,,,,,,
108,bna1938,,209,207,310,310,310,310,1938,Лух и Теза,,,,,,
110,can1941,,216,215,255,254,254,252,1941,Лух и Теза,,,,,,
112,dnv1930,,259,259,366,365,365,344,1930,Лух и Теза,,,,,,
113,dnv1930,,271,263,355,351,351,321,1930,Лух и Теза,,,,,,
114,dnv1930,,287,285,384,384,368,365,1930,Лух и Теза,,,,,,
115,dnv1930,,269,264,384,377,377,326,1930,Лух и Теза,,,,,,
116,dnv1930,,308,313,379,385,367,367,1930,Лух и Теза,,,,,,
117,dnv1930,,277,279,343,343,327,327,1930,Лух и Теза,,,,,,
118,dnv1930,,270,270,341,339,339,337,1930,Лух и Теза,,,,,,
119,dnv1930,,267,261,350,350,345,335,1930,Лух и Теза,,,,,,
120,dnv1930,,251,240,380,380,380,375,1930,Лух и Теза,,,,,,
121,dnv1930,,285,277,375,354,354,354,1930,Лух и Теза,,,,,,
122,dnv1930,,240,242,336,343,343,343,1930,Лух и Теза,,,,,,
123,dnv1930,,261,258,372,376,376,340,1930,Лух и Теза,,,,,,
124,dnv1930,,238,241,331,326,326,326,1930,Лух и Теза,,,,,,
125,kan1932,,220,215,283,283,283,283,1932,Лух и Теза,,,,,,
126,kan1932,,224,222,292,284,284,291,1932,Лух и Теза,,,,,,
127,kan1932,,205,215,261,261,231,215,1932,Лух и Теза,,,,,,
128,kan1932,,202,203,288,285,285,275,1932,Лух и Теза,,,,,,
130,sns1944,,226,226,286,286,286,286,1944,Лух и Теза,,,,,,
132,sns1944,,222,219,276,276,276,276,1944,Лух и Теза,,,,,,
133,sns1944,,238,233,298,295,295,301,1944,Лух и Теза,,,,,,
134,sns1944,,250,237,288,286,286,305,1944,Лух и Теза,,,,,,
136,sns1944,,238,222,305,305,305,316,1944,Лух и Теза,,,,,,
137,vvv1958,,169,148,239,235,224,205,1958,Лух и Теза,,,,,,
138,vvv1958,,157,160,258,254,221,218,1958,Лух и Теза,,,,,,
283,гви,,163,161,206,206,206,181,1940,Спиридонова Буда,,,,,,
284,гви,,175,178,241,244,244,218,1940,Спиридонова Буда,,,,,,
285,гви,,132,132,170,170,170,162,1940,Спиридонова Буда,,,,,,
291,кнм,,148,149,203,203,203,181,1942,Спиридонова Буда,,,,,,
292,кнм,,152,163,290,290,279,279,1942,Спиридонова Буда,,,,,,
296,лме,,184,193,289,287,287,220,1936,Спиридонова Буда,,,,,,
298,лме,,186,195,296,296,296,266,1936,Спиридонова Буда,,,,,,
299,лме,,205,205,313,314,300,255,1936,Спиридонова Буда,,,,,,
300,лме,,192,194,300,300,300,300,1936,Спиридонова Буда,,,,,,
287,хаи,,193,193,235,229,229,226,1930,Спиридонова Буда,,,,,,
288,хаи,,195,195,280,276,276,273,1930,Спиридонова Буда,,,,,,
289,хаи,,177,193,251,245,245,241,1930,Спиридонова Буда,,,,,,
293,кнм,,175,172,223,223,215,215,1942,Спиридонова Буда,,,,,,
294,лме,,216,231,302,306,277,285,1936,Спиридонова Буда,,,,,,
295,лме,,202,192,288,288,273,225,1936,Спиридонова Буда,,,,,,
305,спн,,213,214,273,277,253,253,1942,Спиридонова Буда,,,,,,
311,спн,,262,251,290,287,273,373,1942,Спиридонова Буда,,,,,,
215,mkf1943,,227,229,274,277,235,215,1943,Нехочи,,,,,,
218,mkf1943,,186,185,220,221,211,212,1943,Нехочи,,,,,,
219,mkf1943,,145,150,196,193,193,193,1943,Нехочи,,,,,,
220,mkf1943,,211,209,250,245,245,185,1943,Нехочи,,,,,,
221,mkf1943,,199,200,274,276,276,212,1943,Нехочи,,,,,,
223,mkf1943,,242,230,321,317,317,247,1943,Нехочи,,,,,,
224,mkf1943,,152,157,212,209,192,192,1943,Нехочи,,,,,,
225,mkf1943,,170,180,205,199,186,162,1943,Нехочи,,,,,,
226,mkf1943,,184,189,266,266,266,257,1943,Нехочи,,,,,,
229,mkf1943,,182,190,265,265,265,182,1943,Нехочи,,,,,,
234,mkf1943,,186,178,208,214,214,206,1943,Нехочи,,,,,,
235,mkf1943,,175,181,209,211,211,207,1943,Нехочи,,,,,,
236,mkf1943,,168,165,178,178,175,175,1943,Нехочи,,,,,,
237,mkf1943,,186,182,221,204,204,156,1943,Нехочи,,,,,,
238,mkf1943,,175,182,213,209,209,209,1943,Нехочи,,,,,,
239,mkf1943,,167,161,199,199,199,199,1943,Нехочи,,,,,,
240,mkf1943,,185,201,231,228,228,228,1943,Нехочи,,,,,,
242,mkf1943,,180,176,192,193,193,201,1943,Нехочи,,,,,,
243,mkf1943,,178,184,223,221,210,210,1943,Нехочи,,,,,,
8,MLI1941,,167,167,258,258,258,266,1941,Дон,,,,,,
10,MLI1941,,197,173,271,271,271,267,1941,Дон,,,,,,
11,MLI1941,,156,166,237,240,240,238,1941,Дон,,,,,,
12,MLI1941,,185,202,275,269,269,271,1941,Дон,,,,,,
2,MLI1941,,203,220,271,273,253,270,1941,Дон,,,,,,
3,MLI1941,,181,191,289,293,293,281,1941,Дон,,,,,,
4,MLI1941,,196,189,263,265,265,283,1941,Дон,,,,,,
5,MLI1941,,200,206,342,342,321,341,1941,Дон,,,,,,
27,GLT1934,,151,154,251,251,180,155,1934,Дон,,,,,,
29,GLT1934,,165,141,199,197,151,151,1934,Дон,,,,,,
30,GLT1934,,136,144,220,218,157,161,1934,Дон,,,,,,
31,GLT1934,,125,136,167,168,136,123,1934,Дон,,,,,,
32,EIV1939,,133,137,160,160,150,156,1939,Дон,,,,,,
33,EIV1939,,126,133,155,154,138,138,1939,Дон,,,,,,
35,EIV1939,,115,119,197,197,197,187,1939,Дон,,,,,,
36,EIV1939,,126,123,163,165,165,165,1939,Дон,,,,,,
37,EIV1939,,128,128,162,162,157,157,1939,Дон,,,,,,
15,TNG1957,,206,207,245,245,154,118,1957,Дон,,,,,,
16,TNG1957,,194,201,285,285,229,201,1957,Дон,,,,,,
17,TNG1957,,209,211,273,273,273,273,1957,Дон,,,,,,
18,TNG1957,,202,205,293,290,242,211,1957,Дон,,,,,,
19,TNG1957,,241,208,294,294,294,294,1957,Дон,,,,,,
20,TNG1957,,183,186,268,258,258,258,1957,Дон,,,,,,
21,TNG1957,,221,240,374,374,374,374,1957,Дон,,,,,,
23,TNG1957,,207,211,297,297,297,297,1957,Дон,,,,,,
,МВВ1915,,204,187,322,327,319,319,1915,Татарино,,,,201,174,
,МВВ1915,,213,200,318,318,318,318,1915,Татарино,,,,215,200,
,МВВ1915,,221,174,208,208,208,207,1915,Татарино,,,,220,172,
,МВВ1915,,311,216,270,270,268,268,1915,Татарино,,,,313,208,
,МВВ1915,,327,238,267,267,267,267,1915,Татарино,,,,317,235,
,МВВ1915,,403,236,393,393,393,362,1915,Татарино,,,,454,240,
,МВВ1915,,279,236,391,391,372,356,1915,Татарино,,,,349,229,
,МВВ1915,,233,235,311,302,290,286,1915,Татарино,,,,254,235,
,МВО1925,,228,201,346,346,346,309,1925,Татарино,,,,230,200,
,МВО1925,,223,229,335,335,332,332,1925,Татарино,,,,234,229,
,МВО1925,,265,183,238,238,238,238,1925,Татарино,,,,279,183,
,ОАВ1918,,274,199,285,286,269,270,1918,Татарино,,,,279,191,
,ОАВ1918,,246,205,228,229,209,209,1918,Татарино,,,,275,204,
,ОАВ1918,,248,199,339,336,325,311,1918,Татарино,,,,303,198,
,ОАВ1918,,167,199,271,264,233,207,1918,Татарино,,,,245,194,
,ОАВ1918,,234,193,278,284,270,270,1918,Татарино,,,,271,183,
,ОАВ1918,,296,208,309,311,292,270,1918,Татарино,,,,306,198,
,ОАВ1918,,253,203,301,305,297,300,1918,Татарино,,,,284,201,
,ОАВ1918,,270,187,268,263,227,210,1918,Татарино,,,,273,179,
,ОАВ1918,,278,206,263,259,237,228,1918,Татарино,,,,306,204,
,ОАВ1918,,255,204,288,288,276,272,1918,Татарино,,,,282,202,
,ОАВ1918,,289,206,283,289,267,267,1918,Татарино,,,,304,190,
,ОАВ1918,,267,199,277,281,271,271,1918,Татарино,,,,300,193,
,ОАВ1918,,273,208,256,259,259,255,1918,Татарино,,,,293,187,
,ОАВ1918,,253,208,273,268,251,242,1918,Татарино,,,,292,194,
,ОАВ1918,,279,198,274,281,281,268,1918,Татарино,,,,324,199,
,ОАВ1918,,256,191,238,244,238,238,1918,Татарино,,,,301,189,
,МПЕ1929,,205,210,315,315,315,315,1929,Краснолипье,,,,205,205,
,МПЕ1929,,212,209,308,304,304,304,1929,Краснолипье,,,,217,200,
,МПЕ1929,,250,231,277,268,268,268,1929,Краснолипье,,,,250,215,
,МПЕ1929,,223,196,270,264,264,264,1929,Краснолипье,,,,223,186,
,МПЕ1929,,186,195,326,315,315,315,1929,Краснолипье,,,,186,186,
,МПЕ1929,,270,203,275,272,272,272,1929,Краснолипье,,,,270,209,
,МПЕ1929,,207,209,312,309,309,309,1929,Краснолипье,,,,207,202,
,МПЕ1929,,234,173,244,241,241,241,1929,Краснолипье,,,,234,179,
,МВК1923,,206,221,265,260,260,260,1929,Краснолипье,,,,206,206,
,ТПА1935,,269,260,363,360,360,360,1935,Краснолипье,,,,269,238,
,ТПА1935,,239,240,347,330,330,330,1935,Краснолипье,,,,239,230,
,ТПА1935,,320,259,381,367,367,367,1935,Краснолипье,,,,320,258,
,ТПА1935,,316,271,390,390,390,390,1935,Краснолипье,,,,316,268,
,ТПА1935,,335,320,364,364,327,327,1935,Краснолипье,,,,335,304,
,ТПА1935,,222,250,321,321,321,321,1935,Краснолипье,,,,222,222,
,ТПА1935,,207,217,259,259,252,252,1935,Краснолипье,,,,207,207,
,А1,,194,227,323,323,324,303,,Ламки,,,,194,194,
,А10,,213,212,263,260,260,255,,Ламки,,,,210,200,
,А11,,288,195,260,267,267,262,,Ламки,,,,288,192,
,А12,,144,145,187,187,174,147,,Ламки,,,,144,144,
,А13,,125,126,163,163,149,141,,Ламки,,,,125,125,
,А2,,247,226,305,307,307,292,,Ламки,,,,247,200,
,А3,,205,211,353,353,342,348,,Ламки,,,,205,205,
,А6,,229,238,334,342,342,303,,Ламки,,,,229,229,
,А7,,176,177,279,265,265,265,,Ламки,,,,176,172,
,А8,,240,206,355,355,355,325,,Ламки,,,,240,198,
,А9,,256,245,272,272,237,237,,Ламки,,,,256,245,
,М,,288,237,421,412,412,365,,Ламки,,,,288,219,
,У1,,218,232,342,342,342,365,,Ламки,,,,218,207,
,У2,,200,211,421,421,421,415,,Ламки,,,,200,200,
,У1,,256,218,332,332,332,343,,Ламки,,,,256,200,
,У1,,185,205,285,295,295,270,,Ламки,,,,185,185,
R09_0029,ЛЕА1931,,250,251,374,374,370,370,1931,Горяны,,,,,,
R09_0029,ЛЕА1931,,225,216,338,338,338,348,1931,Горяны,,,,,,
R09_0029,ЛЕА1931,,178,182,280,290,290,284,1931,Горяны,,,,,,
R09_0029,ЛЕА1931,,177,177,277,276,276,276,1931,Горяны,,,,,,
R09_0029,ЛЕА1931,,217,217,313,313,313,310,1931,Горяны,,,,,,
R09_0029,ЛЕА1931,,169,173,256,256,253,251,1931,Горяны,,,,,,
R09_0029,ЛЕА1931,,226,231,367,369,369,318,1931,Горяны,,,,,,
R09_0029,ЛЕА1931,,178,189,394,394,378,385,1931,Горяны,,,,,,
R09_0029,ЛЕА1931,,182,185,255,255,252,255,1931,Горяны,,,,,,
R09_0029,ЛЕА1931,,198,199,322,322,321,310,1931,Горяны,,,,,,
R09_0029,ЛЕА1931,,200,207,351,344,344,356,1931,Горяны,,,,,,
R09_0029,ЛЕА1931,,245,241,471,479,482,457,1931,Горяны,,,,,,
R09_0029,ЛЕА1931,,227,228,441,441,441,,1931,Горяны,,,,,,
R09_0029,ЛЕА1931,,215,214,360,360,369,360,1931,Горяны,,,,,,
R09_0029,ЛЕА1931,,225,242,429,429,429,429,1931,Горяны,,,,,,
R09_0029,ЛЕА1931,,180,178,320,320,322,322,1931,Горяны,,,,,,
R09_0029,ЛЕА1931,,168,180,229,229,229,229,1931,Горяны,,,,,,
R09_0029,ЛЕА1931,,183,191,361,361,361,356,1931,Горяны,,,,,,
R09_0029,ЛЕА1931,,219,244,401,401,401,401,1931,Горяны,,,,,,
R09_0029,ЛЕА1931,,204,204,367,367,348,354,1931,Горяны,,,,,,
R09_0029,ЛЕА1931,,223,233,393,393,393,375,1931,Горяны,,,,,,
R09_0029,ЛЕА1931,,173,178,329,329,320,309,1931,Горяны,,,,,,
R09_0029,ЛЕА1931,,187,190,300,300,305,280,1931,Горяны,,,,,,
R09_0029,ЛЕА1931,,193,193,343,343,347,339,1931,Горяны,,,,,,
R09_0029,ЛЕА1931,,197,205,345,345,354,347,1931,Горяны,,,,,,
R09_0029,ЛЕА1931,,172,176,218,218,218,208,1931,Горяны,,,,,,
R09_0029,ЛЕА1931,,208,211,418,418,396,396,1931,Горяны,,,,,,
ТКК1914,Рязаново,,220,187,276,276,276,276,1914,А Влдмр,,,,,,181
ТКК1914,Рязаново,,205,183,240,247,200,178,1914,А Влдмр,,,,,,183
ТКК1914,Рязаново,,191,184,198,198,198,198,1914,А Влдмр,,,,,,184
ТКК1914,Рязаново,,151,151,260,266,236,236,1914,А Влдмр,,,,,,151
ТКК1914,Рязаново,,193,193,280,290,280,261,1914,А Влдмр,,,,,,193
ТКК1914,Рязаново,,175,172,251,251,238,218,1914,А Влдмр,,,,,,175
ТКК1914,Рязаново,,183,169,222,231,231,223,1914,А Влдмр,,,,,,169
ТКК1914,Рязаново,,199,180,244,244,244,204,1914,А Влдмр,,,,,,182
ТКК1914,Рязаново,,177,168,229,229,229,231,1914,А Влдмр,,,,,,168
ТКК1914,Рязаново,,182,167,208,210,210,211,1914,А Влдмр,,,,,,167
ТКК1914,Рязаново,,193,175,249,250,200,208,1914,А Влдмр,,,,,,175
ТКК1914,Рязаново,,171,166,219,229,229,224,1914,А Влдмр,,,,,,166
ТКК1914,Рязаново,,192,171,219,219,219,207,1914,А Влдмр,,,,,,171
ТКК1914,Рязаново,,177,161,223,222,221,223,1914,А Влдмр,,,,,,161
ТКК1914,Рязаново,,204,191,263,263,263,232,1914,А Влдмр,,,,,,191
ТКК1914,Рязаново,,174,168,226,236,236,236,1914,А Влдмр,,,,,,168
ТКК1914,Рязаново,,165,160,222,222,219,223,1914,А Влдмр,,,,,,160
ТКК1914,Рязаново,,205,188,252,251,252,221,1914,А Влдмр,,,,,,186
ТКК1914,Рязаново,,189,189,244,249,249,245,1914,А Влдмр,,,,,,189
ТКК1914,Рязаново,,205,188,227,227,227,223,1914,А Влдмр,,,,,,181
ТКК1914,Рязаново,,164,164,230,230,230,230,1914,А Влдмр,,,,,,164
ТКК1914,Рязаново,,199,198,238,238,238,238,1914,А Влдмр,,,,,,198
ТКК1914,Рязаново,,187,175,263,263,247,255,1914,А Влдмр,,,,,,176
ТКК1914,Рязаново,,192,178,254,252,248,248,1914,А Влдмр,,,,,,178
ТКК1914,Рязаново,,207,201,246,244,241,239,1914,А Влдмр,,,,,,201
ТКК1914,Рязаново,,170,183,278,278,255,222,1914,А Влдмр,,,,,,183
ТКК1914,Рязаново,,180,194,249,249,220,200,1914,А Влдмр,,,,,,194
ТКК1914,Рязаново,,198,194,256,256,256,256,1914,А Влдмр,,,,,,194
ТКК1914,Рязаново,,228,222,258,258,239,226,1914,А Влдмр,,,,,,222
ТКК1914,Рязаново,,185,169,216,218,214,214,1914,А Влдмр,,,,,,169
ТКК1914,Рязаново,,149,160,220,220,220,220,1914,А Влдмр,,,,,,160
ТКК1914,Рязаново,,174,194,255,255,255,255,1914,А Влдмр,,,,,,194
ТКК1914,Рязаново,,199,198,253,252,237,221,1914,А Влдмр,,,,,,198
ТКК1914,Рязаново,,185,206,263,264,240,216,1914,А Влдмр,,,,,,206
ТКК1914,Рязаново,,197,194,240,240,232,235,1914,А Влдмр,,,,,,194
ТКК1914,Рязаново,,186,197,219,219,216,215,1914,А Влдмр,,,,,,197
ТКК1914,Рязаново,,214,204,236,236,220,229,1914,А Влдмр,,,,,,204
ТКК1914,Рязаново,,195,201,223,223,215,222,1914,А Влдмр,,,,,,201
ТКК1914,Рязаново,,192,199,249,249,247,247,1914,А Влдмр,,,,,,199
ТКК1914,Рязаново,,212,206,254,264,215,218,1914,А Влдмр,,,,,,206
ТКК1914,Рязаново,,230,210,245,254,244,217,1914,А Влдмр,,,,,,210
ТКК1914,Рязаново,,199,193,229,230,230,230,1914,А Влдмр,,,,,,195
ТКК1914,Рязаново,,213,203,236,244,223,233,1914,А Влдмр,,,,,,203
ТКК1914,Рязаново,,195,200,255,256,250,211,1914,А Влдмр,,,,,,197
ТКК1914,Рязаново,,205,205,283,283,282,268,1914,А Влдмр,,,,,,205
